{"cameraMode":{"drawMode":0,"name":"Shaded","section":"Shading Mode"},"sceneLighting":true,"audioPlay":false,"sceneViewState":{"m_AlwaysRefresh":false,"showFog":true,"showSkybox":true,"showFlares":true,"showImageEffects":true,"showParticleSystems":true,"showVisualEffectGraphs":true,"m_FxEnabled":true},"in2DMode":false,"pivot":{"x":-15.899818420410157,"y":4.9516706466674809,"z":-2.6838088035583498},"rotation":{"x":-0.10257162898778916,"y":-0.8012076020240784,"z":0.14345648884773255,"w":-0.5715961456298828},"size":0.9108873605728149,"orthographic":false}