{"cameraMode":{"drawMode":0,"name":"Shaded","section":"Shading Mode"},"sceneLighting":true,"audioPlay":false,"sceneViewState":{"m_AlwaysRefresh":false,"showFog":true,"showSkybox":true,"showFlares":true,"showImageEffects":true,"showParticleSystems":true,"showVisualEffectGraphs":true,"m_FxEnabled":true},"in2DMode":false,"pivot":{"x":-4.931882858276367,"y":12.472567558288575,"z":28.468734741210939},"rotation":{"x":-0.1553291231393814,"y":0.8236640691757202,"z":-0.26997509598731997,"w":-0.47344115376472475},"size":2.4888947010040285,"orthographic":false}