{"cameraMode":{"drawMode":0,"name":"Shaded","section":"Shading Mode"},"sceneLighting":true,"audioPlay":false,"sceneViewState":{"m_AlwaysRefresh":false,"showFog":true,"showSkybox":true,"showFlares":true,"showImageEffects":true,"showParticleSystems":true,"showVisualEffectGraphs":true,"m_FxEnabled":true},"in2DMode":false,"pivot":{"x":5.4628825187683109,"y":1.0171030759811402,"z":-24.34282684326172},"rotation":{"x":-0.10360176116228104,"y":-0.012057239189743996,"z":0.0009690389269962907,"w":-0.9944382905960083},"size":0.8691756725311279,"orthographic":false}